channelId,channelTitle
UCw1DsweY9b2AKGjV4kGJP1A,LCK
UCwvk_uRd0w-n0O1I4QRdM0g,ыбдъ║╛ызИ
UCooLkG0FfrkPBQsSuC95L6w,ыжмъ╖╕ ьШды╕М ыаИьаДыУЬ
UCCMQyaKDjQJY79VimTdaYYQ,ыбды░ХьВм эХ┤ыПДыжм
UCfJ9Iwih_Il_lxb_uIOh6zw,ыбдьЭ╜ыВи LOLNAM
UCGt6h41qCj0i4WR6cYFYrvA,ыбдьВмъ▒┤ьВмъ│аыИДьЭ┤
UCN_NQvieqUqfq1gIQF1jzeA,ыбд ыжмыНФ
UCQuit9kuTw6BjmgLyogL3mA,ыбдыНФыВи
UCpgahtVkliACuGH-65hXVcA,ьЦ┤ьйФыбд
UCRIn_SLDrGwbup6DY816bCQ,ыбдэМмыНФ
UCcCzOjiVOtjKqa83iLuOMdg,ыбд эГРъ╡мьГЭэЩЬ(ьаДьзАьаБ ъ▓МьЮД ьЛЬьаР)
UCN4Nq34wD_LldRGi-q4So3Q,ыбдь░╜ь╜Ф
UCzGblRaF5unKKz10hACKGDg,ьХДыжмtv-ыбдьаХы│┤эЖ╡
UC1K3xLtg0kG7vQXPuvZd28Q,ыбдь╣┤эОШ
UCicad9pMG7HSg_JXqK0Mjqg,эПмыбЬыбд
UCRoDQ1HzA04fokSU8bxgJZQ,ыбд ь▓┤эБм
UCV7WE8I_UiAN0fa6Arezx_w,ыбд ъ┤АьаД ыздыЛИьаА
UCVVGZJ8kjiPIwYUyOvaLhMg,ыбд ьВмъ┤АэХЩъ╡Р
UCv5zmkw_dcfTCzO4eBNEzTA,"эШСъ│б ьаДым╕ьЭШ, ыбд ыЛеэД░"
UChh3Kd47CLiIjKzI_srZIKg,ьЭ┤ьГдьЪ░эК╕ - ыбд ыйШэЖа
UCnhWJQNxCY6V12qZcpBwFlg,ыбдьЮЗьКИ
UCvnFC-va-ClX9nlvrQW9piw,ыбдьКдэЕМьЭ┤ьзА
UCxGvB3ikKPBBZPT-IakiaHQ,ызРыЮСьЭ┤
UCYhkWfrxKgScIlOmzFrk3Ng,ыбдыМАыВи
UCv9eVX1AMO3VZtl7FC8BALQ,ыбдьЮЗьзА
UCIag8EyO8KIhomGZy9tgzkg,ыбдъ░АэШХ
UCJKK2MJ5RPTE_GDurRcc-WA,1ы╢ДызМьЧРы│┤ыКФыбд
UCiN3B0QRdL4wn1TMJ_cJyMQ,LoL Esports JP
UC5fecWupjY797kkfJPAAMew,эК╕ыгиыбд ьЗ╝
UCVr4_SSiS074vm1D5gKANuQ,ыбд ъ┤АьаДьЖМ
UCzAypSoOFKCZUts3ULtVT_g,LoL Esports VODs and Highlights
UCgkfwCLpJ3vQxCuU2HqYA2g,ыбдьЛдыбЭ
UC1t-vzAacQ4OiMLt5h7Flug,ь░░ыжмьЭШ ыбдэКЬы╕М
UCeSEqp2WqkFcPsfjev0pLLA,ыбд ьХДь╣┤ыН░ып╕
UCNHRPukikhtAwJIADD87Mog,ыбдыж░ьЭ┤ ьДдыЮнъ╡м
UCB4dMsjJ6yIGsA1biJVeofw,ы╣ИьТ╕ ыбдэХШыКФ ъ│ДьаХ
UC1aBdmKvC6yAiq4xgPLOzKA,ыбдь▓┤ъ│аь░М [ыбдь▓┤эХШыКФ ыЛдызИъ│аь░М]
UCQfyXI4XeO6swi9lYsgevVA,ыбдъ│аэК╕
UC2fkbnLS7JVDy7wJpkFuzVw,ыбдьХМык╗
UCJ-bYGTmv_1beVAuh9rUo8g,ыбдэЖаэБм
UCmZthR5qZga3pxKtQoyy76A,ы░Фы░ды░Ф ыбд ьЬаэКЬы╕М
UChS6sbPATU2CRaqwMyrSIIQ,ыбдьЧР ьШдьЧ╝ыРЬ ъ░Аьб▒
UCxZ1kTp7f-5u8o2p7qreVnw,ыбдьЖМьЛЭъ░дыЯмыжм
UC5grrciAyUF4xjd42XhV-1Q,ып╝эК╕ыбд
UCcNqTMcEYkIu_uJEhPXf_xA,ыбдыПДьВм
UCFFtfAeEOt72mhYe8xTk5qA,ыбдыГеьЭ┤
UC7p-c66ND_dSl9L0cXgQV3g,эМРъ┤А ыбдь▓нь▓Ь
UCAFRhyeQlBcU4q_bybRHlpA,ыбды╢Хь┐д
UC4kQUrnQTo2cqJSi5A2zCqg,ыбдыкЕьВ░
UCoo2pYADRxbV0q4LRrF4yNg,ыбдыФ░ы┤Й
UCsY_q6pMh0rKRLbX2oNpntQ,ыПЩь░иыбд
UC8yFNwBYJW-SY93xxzcBlNg,ыбдъ╕░ыбЭы│┤ъ┤АьЖМ
UCL6y-MRePH3-qV2ClOoetkw,ыбдьКдэЖаыжмыФФьЮРьЭ╕ьЧ░ъ╡мьЖМ
UC2TcQY8tU5NP_2ge6yxLeMg,ыбдь╜Фь╣Ш ь╜┤эИмые╝ Quantourl
UCwhXBKRvKlAQMHPZnpSevYw,ыаИъ│аые╝ы░ЯьХШыДд-ыбдь░иэК╕
UC_KKj5fP0LULcmmcZTh5rZQ,ыбдь░╕ьГИ
UC2JFjKLLvQ5jP8SSYiAPnjA,ыПДыбЬыбд
UCUUlLZUbSomAd_B4QNk1erQ,ыбдьХМык╗ ыбдыМХыМХ
UCAojmWkfufRrEEcndH8OunA,ыбды╢Аып╕
UC_tVTCJud5Gq6Od9Dqfj48A,ыбдь░╜ъ│а
UC38_GOJlTo5pJvqQ9L27uOQ,ъ░Сы╢Дыбд
UCpsrLholXPTWo3vMBV8MLEw,ыбдъ╖╣эШР
UCbGvrCB6E47WgNKmrKSvH5Q,ыбды░ХьКд Rolebox
UCrzyG49_fA0rX08FY8aOxUQ,ыбдэХ┤ьЩ╕ы░ШьЭС
UCQnQUiJ7PPJVCSDKVEFL8-Q,ыбдыж░ьЭ┤ыШР
UC-xNYJfH9ieuQJ5Nba95eUA,эХШьЭ┤ыбд
UCX-ZyxmfpBi99L2_JFl-_OQ,ыбдыж░ьЭ┤ ы░▒ъ│╝ьВмьаД
UC1nl1NHua5g9C3VUnzYHhQg,ыбдэХШыКФьЖМэФДэК╕ ьЗ╝ь╕а
UC_RwOoMho-z85PaF7g0dTZg,ьЪ░ыжмыПЩыДд ыбдь▒ФьКд
UCOS8rrmV5GEAs4VIIDSkoVQ,ыбдьЭАэМАьЪ┤
UCM6_t22YvoX6orVMZFwX7KQ,ыбд ьдСыПЕьЮР ьВ┤ьИШьЧЖьЦ┤
UCyP0ULB2pXWeqsXhbxzDBiQ,ыбдэХШыКФ ь░РыФ░ыУд
UC4jRHOKKLHZfpEaDkmtKbdQ,ыбдэЖаэШХ
UCTPcmGjATmu0P58wzRmVcnA,ьКдыВ╡ ыбдьЭ╜ыВи
UCrj3_d1eL_hME01MV5OEAkg,EZыбд
UCw22UA6MwvXgTD5HJooO-0g,ъ▓ЬыбЬыбд(ьЩАыЛдыЛеэБмыги)
UC6ZeliIDAOqjz5u-_1g0iRg,ыбдэХЬьЮЕ
UCKvro1TyMt4U0nxoUZO1k2w,ь▓ЬьВмыкиыбдЁЯС╝
UCNTrJY6MwseaqKp8Jsvk9Dg,ыбдэММъ│а LOLPAGO
UCXKDZ-5HRijaMWlDvgkQaSw,ыоды╣Дыбд
UCRYUs_xE8kSPOcwFlEAU6wQ,эМмь╣ШьЩАэХШыКФ ыбд
UCuIKhVgIvew7GpT5ks9hu8A,ыбдым╕ъ░А
UCi7VItp5MxBtvKk9BANKhEw,ыбдызМэХи
UCUhz6PjefmBPj5iSEUEROmA,ыжмыШРьЭШ ыбд ьГЭэЩЬ
UCIZxaa2Ekle6dq-Dyb4W7CQ,ыбдэБмыжмыДИTV - ым┤ъ│╝ъ╕И ьжРъ▓ЬыЯм
UCPHjxz1mc0vZkkAHbwsQf7Q,ьзДъ╖АьЭШ ыбдэФМыаИьЮЙ
UCdGDRb9THAj7Ubu-jZADeXw,ыбдэХШьЪ░ lol-how
UChXYKVZHQBkxhd0Vl5Ei54w,ьХДьВ╝ыбд
UCKhQVfX-TMjObVZ87uqwfew,ыбд эХШэК╕ 
UC238e6V_qNVLJVakh6I4klw,Poroыбд ыздыУЬым┤ы╣Д
UC86cZmJ96j8dJAPHdmnyVUw,ыбд ьаЬьЮР эЧИьаЬып╝
UCyEJ0VsVlMTnl7ytQM4efXQ,ыбдьЪ░ьДЭ
UC44CBN97IZNrezwrJ4Aoqkg,ыЮаьЭ┤ыбдьЭ┤
UCCYjBj51AHI_QvuLewt_Ztw,эЮИьЦ┤ыбд ьЬаэКЬы╕М
UCxNXqYV-3POpBraEaU6RVPA,эХЬыЛдыбд ъ░ДыЛдызЫьзС
UCWxVxyc5FQZUaRC1ZvFYNTQ,ыбды│┤ьЮР
UCgR41k_zuvNlG7OUtaKT84Q,эШ╕ыбдыбЬыбд
UCvKpgNW35baiRtrv--PUxVA,ыКШъ╖╕ыЛИ ыбдыЭ╝ьЭ┤эФД
UCAm_jqzDWvp2n15MnQVtJJg,ыбдъ│ДыЮА
UC6KlYX-KRIyZ6uvJdEc8kMw,ыбд ыВШып╕ ьаАьЮеьЖМ
UCyTV6_DLIiZJy1T8SZZEEpg,ьЦ╕ыЯнэВдыбды╢ХьЭ┤
UCeoUnQBoxZx7HzJfqKaip6g,FыбдTV
UCxhFmbhqrQTREeppYW0gsxA,ALT ьХДызИь╢ФьЦ┤ ыбд эМА ыжмъ╖╕
UCsnKfwH6e5CyNHLP24tOEBQ,ыбдь░╜ъ▓Ь
UCFl1mGlf5j0Qno1Kxnyv6FA,Skill Capped Challenger LoL Guides
UCihXmKgCRYKCxMwNKOwq2mQ,ыаЫь╕аыбд&ьХДьЭ┤ыУд
UCmGW06YeJgx8r8cIQJUt5jg,ъ┐Аы▓М [ ыбд ыздыУЬым┤ы╣Д ]
UCWrRHCMPT1QekfTObvF-ogQ,ьзДъ╖╕ыжмыбд
UC6s6900kCT8dDcytMTTKiOw,ь╝Аь╝Аыбд
UCrWtXRLwsuwRKHROKJe0bzg,ыбдъ░дыЯм
UCezQDQjZJ7cRrMKMwtT9gTA,ьаДьзАыбд
UCo3Vwg8N4XDDIGxBzee0kwg,ыодьзБыбд
UCR7QrhhLLxuWhLH6xX9nPsA,ьКдыВ╡ыбд(LOL)
UCIJswzd07JQofhj7MpRBjKQ,THIRD[ыбд ы░▒ъ│╝ьВмьаД]
UCqRGONW_MPKuOEnIOOiKnwg,ыбдь░РыФ░
UCea9Ns818gIFALHne259ENw,ыбдьЮмъ╢Б
UCtNFMoUf7YkH8nAqmfR2qpg,ыбды▓ФьЭ╕2
UCANml9qe25fbdGnVLxZqIJw,ьКдыВ╡ыбд_LoL Quiz
UCwxtkqUvQqrRbEvaFFHDuUQ,ыбдь▓┤эХШыКФ_ьВ╝ыФФ
UCTJ6I_nEKtUe1SFUBeWU1zQ,ыбдэХШыКФ ыЭаыки
UCHc3VPFtio-XAjUsoHCfqbQ,ыЭ╝ь┐дыбд
UCHsxgIsWgc4Blx3AASmbG9w,ыбдьЛЬъ╖╕
UC-3itBOnqIKeYzlNN9zFO6Q,ы░ФьЭШ ыбдъ╡РьЛд
UC_8JqoD9r2_UFzclpq1siBQ,ыбдэФМыЯм
UCwiV4Cc_0FMRaw4a6RmXpgg,ыбд ыЛдьЭ┤ьХД ъ░Аъ╕░
UC1HGBgkL9X_Tyo4MU5Kt7rg,ыкЕьШИьЭШ ыбд ьаДыЛ╣
UCS6w4mqm4sBp08xRoFyBrhw,ыбдьХДыжмьХД
UCCjXIDA-gCOWu1GFw_gEG0g,ыбдыж░ьЭ┤ъ│░эГ▒ьФи
UCKHLz9f-2Yd0vD6KkXeJ2RQ,ыбдьКдэГАъ╖╕ыЮи
UCaVvRFbf5BBYB5AYNo_gLQQ,ыбдьЬаыа╣ ьЩАыЭ╝ыЭ╝
UCb4pEBH8YKy_gU_544FvANw,ыбдьЭДыкиыН░TV
UCd1rHpqilTk9YIg96mNJPgQ,ыбд ы▓ИьЧныВи
UCzStedOWJCV6bt8zfTd5Gdw,ыжмыки Remo : ыбдъ▓МьЮД ь▒ДыДР
UC3oqu1zkr9rQdD7FbRmEsZA,ыВШыПДыбдэКЬы▓ДэХаыЮШ
UCOmrwbflmYjjhGxcQeiO9Sw,ы╕Фыги ы▓ДэФД (ыбдьЧР ыМАэХЬ ьЮмып╕ьЮИыКФ ьЭ┤ьХ╝ъ╕░)
UC4_S62verNTX-2xQ_YeMFPQ,ьаХып╝ыбд 
UCJi42SYHiSO56jrkQXQ4ehw,ыбд ьвА ь╝ЬьдДыЮШ?
UCsodfIxzBxoZJxpOTdM-aCA,ыбдэКЬы▓Д
UCCVEktByK7uc-ew9QV4ze1A,ъ░УьЮмызМьЭШ ыбд ьЧ░ъ╡мьЖМ
UCGGOP1GmswwXYSSq52HMdAA,ыбдыбЬъ╖╕ыВШ
UCdb1-w0t_n_zkUO8X_ZubRw,ыПЕъ▒░ыбдь┤Эъ░БTV
UCVllzdqXxISuV1ZcRvypfeA,ыбдыаИьаДыУЬэБ┤ыж╜ыкиьЭМьвЛьХДьЪФ
UCKrxaRAdjZuoQWVUd_hLceA,ыбды▓ХьЫР
UCA3EmVJmWX45oh1GpF692-w,ьЧСэБ┤ - эШД эФДыбЬьЭШ ыбд ъ░ХьЭШ
UCCT7gBfTwxYu3xOwdKIzTmw,ыбд эМйэПныЯм
UC4IkACAoPvuBB52PJDyR1JA,ъ╣Аъ╡нь▓ЬьЭШыбдьЭ╝ъ╕░ьЮе
UClHig-03lqj_SaMZq0nf2bw,ыбд ьИПь╕а ыкиьЭМ
UCB3xkbViLHGSvYrKVhvSiWg,ыбдь║гьЭШ ыбд ьКдэЖаыжмLOL Story
UCnrqUleVPF3MscMv8LJQBBg,ыбдэММып╝
UC0U0K3wU8H9zJwW5pkzVo2g,ыбды╕МьЭ┤
UC-o0gPPldO52kas1mym0WGw,ьЧгэЛ░ьаЬTV[ыбдэХШыКФESTJ]
UCQ-2KG05b3h7CXMbAss2UWw,ыбды╣ДыР┤
UCHuz_xVZ-adXcN_OKbBkwLQ,ъ╡ны░е ыбдъ░ХьЭШ
UCYyQUj7k9Ha1tDi9lHDOpCw,ызЫьЮИыКФ ыбд
UC2EmCHfUpc6Yosd3Oo8n8nQ,ыбдэХаы░░
UCjGeG3U6mbBen2Ur-8B9enQ,ьЭ╝ьГБ ыбд Daily routine цЧех╕╕
UC1iR5J0oMKVlT1XEHdZZzpg,ыбдьзДыВи
UC3pgloqMreTi23IRZhuih1A,ыбды░ШьГБэЪМ
UCeCpu6hUPs5GFOG1JOkMfvQ,ыбдэХШыКФ ьадыжм
UCXEe8quS-b4GphqJwcLIoqg,ыбдэФМыаИьЭ┤ LoLPlay
UCNloZdu4SKo3-XGOwbejcAw,ыЯнэВд ыбд
UCfVouxl1FFvC7tZ4PRJOuUg,ыбдэФДыаИьКд
UCckwfgWfwzQWuWNplDmFTLw,ыбдьзды┤З
UCrB8lLh66ir5tVuRiYsBHAQ,ьХИыЕХ?-ыбд ьКдэЖаыжм ы░П ъ▓МьЮД
UClmjOkgwIjM3UuTs8T8Jwig,ыбдьИПыВи
UCm6kpClqlGvmfMbEgUyLi_g,ыбд ьГЭьГЭьаХы│┤
UC8RFfd4aApyS1AdPII97oBg,ыбды░ХьВм ьЗ╝ь╕а
UCxpta-KpYmxefTjP1rfYHdg,ыбдэММып╝
UCTYlu-5_kM1HqV2nKl0V9hQ,ыбд Empire
UC6ZfEgJ3SMFIzeE0LYCCH-g,ыбды╢ХьЭ┤
UCzEPyxwvm194AyToMH6nv5w,ьаДы╢БыМА ьИШьЛЬыВиьЭШ ыбд
UCvqurIaMNIpSDBq8ycybl4w,ыбдъ░ХьВм ы╕МьЭ┤ыбдъ╖╕ VLOLG
UCSIAqpE4lU1GsFRGsAyGcJg,ыбдэПЙъ░АьДЬ
UCyeDakJyzHRJkVxRSFHtHcA,ыбд ьвЛьХД
UCzFXbOHkEWgDZoIKD_ZIJ7Q,ы╕МыбЬыбд
UCEqWjzHeKw9PkoxeF8DwH5w,ыбдыФйьйбьЭА
UCcT7XWk4KrI3bRHNKLHgGnw,ыбдэХ┤ьЪФ
UCDmfkussiiYIqrT4P2IT2Ig,ыбд эШСъ│бьЭ╝ъ╕░
UCLzTT67Dp90LdnKY2UHaDsQ,ыбдьЧРьШ╣
UConbPqnGY4KuxKhewuKPrTw,эГАьЪ░ ыбдэФМыаИьЮЙ ╧Д╬▒╧Е LP
UCRtgXeVYA_LZtGMRdBo5KHQ,ыбдьХДэК╕
UC-I5Lck7MaYGldQyVz13yMg,ыбд эХШьЭ┤ыЭ╝ьЭ┤эК╕
UCQ814LluGnpN7awTu93ggyg,эЖаэБмыбд
UCDThxVtCRluzy04UsSjstlQ,ыбд ы╢ДьДЭъ░А
UC2_2Un3OGtJIRpm-DDz2C5g,ыбды│╝ыЮШ
UCRFvB7W4d3RMwONQtOaOoHA,ыбды┐бьЭ┤
UC7y118lKezq2lOdEitybQVQ,LOLeater ыбдьЭ┤эД░
UCmvFmeWUK3HFCjGKFQvEEdQ,ыбдэФ╝ыУЬы░▒
UCu164hsuX6AQMtbwjCUZvYQ,ыВнызМыбд
UCv7Mg4iQ1o3Hh-OchI9rYHQ,ыбдь╣ЬьЮР
UCxqK75V_XTRyiW36C7YDTtg,ыбдэХШыКФьХДьЮмTV
UCGe_DGR12MYdMQCKKMZyINg,ыбд ъ╕░ы│╕ьДЬьЛды▓Дъ░А ьУ░ыКФ
UCppBSStr5sqbdCJ8FvIEglA,ыбд ыкиыУа ьИЬъ░Д
UC6HtOd6Btk4DWMRabal-Pag,ыбд ьДЬэПмэД░ may
UCKPDMmy9qs_JoZN6UAdIh6g,ыбдэФМыаИьЭ┤
UC0O6xLFZvUrouG2h84pmuMA,ыбдэЖаэЖа
UCiZFcVtvQrQnE3ptB2OHqqg,ыбдэХШыКФьаХэЫИ
UCTeb5OUko9uXIR6MRFlP7NA,youtubeыбдыПДьЪ░ып╕
UC2Mkja0-rAtZ06shFARtBsA,ыбдэХаыЭ╝Lolhalla
UCYFuswRyp2EcVfy-r2pa2Og,ыбдьВеы╜Х
UC_qX31Bq7x74tLRiQa6apqw,ыбдэБ┤ьЭМ
UCSerJMj3UsO-2fgbap2xQPA,ьГЭьГЭ ыбды│┤эЖ╡
UCwY9i84hWZGzdIsCdGkpbJg,ыбдэХШыКФ ьХДьжШызИ
UCNZk92qF8WXH-tGe3B66ePQ,ыбдым┤ы╣Д
UCmU3WeG_IuMDXRVkeAjlA_A,ыбдъ╡ны░е
UCgFZyKfk17_F53eH40xiINQ,ыбд ыйШэЖа
UCPFnUoLquV5mHjAMT_R1UuA,ыбды░ХьВмым┤ым┤
UCN8LAD3ox6g2phr3GTP5q2Q,ыбды░Шь░м
UCFbz-5074k26yf7wXEkY5oA,ыбды░░ыЯн
UCdXYO8nqP6CmxO_DNTsrtAg,ыбдьЫРьШБTV
UCjaE8pNrNN2Xjua6DScH98A,ьХИыЕХэХШьД╕ыбд
UCx2wAhJ_HdAdn-ki_9PwkiQ,ыбды╣╝ып╕
UCvp0bgvYA8jLf_RK5Nztymw,ыбдык╗эХШый┤ъ▒НьаСьЦ┤2 (ыбдык╗эХШый┤ъ▒НьаСьЦ┤)
UC6sKGlM7bhzlyLyq4yhbdzw,ыбд ьХЕъ╖АыбЬ ьВ┤ьХДыВиъ╕░
UCKwlgawqUjH80FVwFcJ38HA,ыбдъ░ХьЭШыЕ╕эК╕
UCvVkM2CMF0GfnoZacVF_s6g,ыбдьЭ┤ьКИ
UCaU1lxmls7TeUYuZ-4b_2kQ,ыбдыйФьЭ┤ь╗д
UC16QbJcIRK4MTOF7l-buRpA,ыбдьЧ░ъ╡м (ьдСъ░Дъ│░)
UCLOT2bdrA7D1vTIzj0wP3GQ,ыбдэХШыКФ ъ╕ЙьЛЭэШХ
UC0HKnW7XseH-gskntJBCoFg,ьКмы╣ДьЭШ ыбдьЭ╕ьГЭ
UCUblqZ8nchbbXQa5BfvV8pw,ыбдъ│аьИШьШИыПДъ▓╜
UCpX2-dkMuRYAMPohPrfbUtg,ьЮРэБмьвЛьХД-ыбд эХШьЭ┤ыЭ╝ьЭ┤эК╕
UCwkdwVSc2YkmoPd9D8KsoSg,ыбдыЕ╝ьЗ╝
UChbmhjpfVxPdnDFjbsP-UqA,ыбдьЭА ьЮеы╣Ды╣и
UCuSW1qqOCboKC1IilkPISPw,ыбдlolasmr
UCJf9AQmTqCkGTg_AUA0gwzQ,ыбды░ФьШд
UC_2Ub7xfgb_spx_bffpGNJw,ыбдь▓┤эВ╣
UC5Vdx6Rzkfj3yL_TUl4W9hg,ыбдьЛЭьЭ┤
UC6nzqrIXtXh5aPqrBfvA1Kw,ыбдыЖНыВи
UCcxuOjUcc-gIr_pH0CtUIZQ,[ыбд] ьЖНызИьЭМ
UCtG46BVw36sVCD1fkzVvE-g,ыбдьВмыки (ZIьВ░ыУЬZr)
UCvl4cb3Hdh5qpX_MmKow5YQ,ыбдъ│иыУЬыПДьаД ъ╕░ыбЭьЪй
UCa5g-w1qyUxHMtojDWFml4w,ыбдьЭ┤ ьЭ╝ьГБьЭ╕ ьВмыЮМ
UC4qcdguCf6kIOTYbnkiupFg,ыбдьЭД ьвЛьХДэХШыКФ ьВмыЮМ
UCxa6imSkIa4hkxpT4pNHM4A,[ ыбд shorts ]
UCVi-326UwK_Isk_4myTQFmQ,ыбдъ╛╕ыЯмып╕
UCiMs7pMKuobVqsBArZ6v9vw,ыбд ьХДьЭ┤ьЦ╕ эГИь╢Ьъ╕░
UC4ssvSu-4P-e7FyC9Tu3n6A,ыбдэХШыКФ эОнъ╡м
UCCJNSoW6GS4ZKMhOTq4x_gw,ьШдыКШьЭШ ыбдьШБьГБ
UCXBSjoxT5XTr7kzqaENwSow,ыбдыУЬь╗╡
UC_aOEzLRnY6eoHvE348iibQ,ыбдэЖаы╕Мыжмъ╖╕
UCHkiwrmBI2cJZ5jSAl2V-Yw,ыбдьЛЭьЭ┤ Lol-Sik
UCxTdSRfelsGDJPtIGuVy03Q,ыбды╗ШьзУ
UCYaqyEdyrQ9FM_u6PCbUrfA,ыбд ыздыУЬMOVIE
UCSjgIdV5SYOvz7An-9FpOGA,ыбдэО╕ьзСъ│б
UCYMeHLLhtr2b1jWMFFqgunA,ыбдэХЩьВ┤ LoLHakSal
UCIOlKX2kthHa-QLeyHcvvKQ,ыбдэФМэГА
UCWzn_Ra1_YXH8MmYzcIuhxw,ыбдьХЕъ╕░
UCS2q3gUu-ffKF-ePc3LZthg,ыбдьЧРьДЬ ьГЭъ╕┤ ьЭ╝ TV
UCnlYIzShTAKyK5ptzThz80w,ыбд ызЙыМАъ╕░ьДаьГЭыЛШ
UC2dUUQANcKsVH5olRaos3xg,эХ┤ы░й3ыЛиъ│Д - ыбд ьШБьГБ ьаДым╕ь▒ДыДР
UCiqlNy07P8jijxzU8MtMZrw,ыбдьЧРьЭ╕ьГЭы░ХьЭМ
UCT8xcwYUiHYuRwbiSSTwi0g,ыбд эОШьЭ┤эН╝
UCzFDxmledxloWibULooDONg,ыбдьг╝ы░Фыжм
UCNs1wMxz2jVfwmtEaySsWug,ыбдьаСь╖и
UCrh2FZEIUxktCkisk-Q09ng,ыбдь▓┤эХШыКФ эПмыбЬ
UCZNzOEDLiD3iWadCx6zBI6w,ьдСъ╡н ыбдъ│╡ьЬа
UCzRj9MrTE60cWuHh6II_ibQ,ьЛЬы░Фыбд
UCthOryzlfj2x_wkBWoKBLBQ,ьЦСы░Шыбд
UCZQSKX7g5DIzVL_eefO875w,ьДЬэФ╝ъ╜Г -ыбд ьЮмы░МыЛд
UCtIph9fPrVj6ugwO1GatpDw,ьХДыаИыВШэХШыКФ ыбдыЛиэХШ
UCBqHuyY8QYRcFCrV352PUIw,ыбд ьШБьГБ ызМыУЬыКФ ьВмыЮМ
UCHApmzwsz4-isSQWwkNRnRg,ы░ФыЮМ ьХд ыбд
UCtmCWw9S9GxFvFYfEbqnVag,ыбд ьХИэХШыКФ ьВмыЮМ
UCPlX8l-DitN1cuf4oyZJPsw,ыбдэММыЭ╝ь╣Ш lolparazzi
UC3g7EdojDuU9MXOa7fttCnw,ыбдэФМыаИьЭ┤
UCsam0m1Mc7wZUI6oBSmfbzQ,ыбд эФДыбЬ M
UCpcDXodRbq3o3ZC42U4Iysw,ыбд ьХДьаАьФиьЭШ ьДЬэПмэД░ ьЭ╝ьГБ
UC9Vvib9liGi0muday5ubHVQ,ьК╡ьЮР / ыбд ь▒ДыДР
UC23pwZJNKVWNfeMA6NNMqBw,ыбд ьЧ┤эШИэМм-LOL Enthusiast
UCh6hYr1Ldiq2CBj0vgZnwuA,ыбд ьЮЕым╕ь▒ДыДР
UCPZNPVHOukk17sV-V25MidA,ь┐аэВдыбд
UC8_UxLm7djAxTLdBwiJfsGg,ыбдьГЭъ░Б
UCfSsp9C00Yc8ADdEyE_yZKQ,ыбдэГРы░йь▒ДыДР -ьХЮы╣ДьаД
UCoKeJ7pYN6xZ0OJurbjQGWg,ыбдэХШыКФ ьЮеы╢ХьЭ┤
UCkkDdSmGuuN97PJuo_8Cd0g,ьЙ╜ъ▓МыбдэХ┤
UCiMSlDri332QLyftk8ED2FQ,ыбд ь╝АьЭ╕ -LOLCANE-
UCd6MaJ83UgNIe28EcQ5BU5Q,ыбдьШмыжмыКФ ьдСыФй
UCHFMUba-Ywk7kWIET25plmA,"ыз╖ыСеьЭ┤, ьззъ│а ьЛаыВШыКФ ыбд ьШБьГБ"
UCGZCr5CveooDqM8Lq3NPkMA,ыбдэХШыКФ ьЬаэФ╝
UCuc4Wn5AOHfZo0H7z0FYiBg,ыбдь┤ИыВи
UC_rnMVhzF7uX6uyahlkF1NQ,ыбдэГ▒эШС (ыбд эГ▒ь╗дэШСэЪМ)
UC1oL6jwrdK_p-nyhZZakZhg,ыбдэФМыжм LoL Play List
UCdLrRjCFg2japLRgGue1zGA,ыбдь╡ЬьХа
UCNyW3DpwybVqgbiipc61c7A,ыбдэБ┤ыж╜
UCL5vY83Fotaokp2NVuRcdwg,ым┤ьзАьД▒ ыбд ьЭ╝ъ╕░
UC2Sxa-ikYVW3aa7hE-gqxAQ,ьШдыКШьЭШыбдьЖМьЛЭ
UCgEwAqWM7fBRVRwsPI6MPtw,ыВ┤ьЭ╝ыбд
UCGqwxNY9HgvmbhCkOKSA6VQ,ыбдь╣┤ьЭ┤эМЕэХаъ║╝ьЦП
UC4PH8bLKLHhV6J0WREcKawA,ьХДьЭ┤ьЦ╕ым┤ youtube [ыбд ыздьг╝ ьЧЕыбЬыУЬ]
UCP8Wy2B1y_FkWiSo65mBVNQ,эХШыПЩьаХьФи00-ыбд ьЬаэКЬы╕М ь▒ДыДР
UCqYKxNxjP4Es8KS0wQ6Praw,ыбд ы░░ъ▓╜ьзАьЛЭ
UCNQ0IlYqjHBsCeCYasuxNZA,ыбд ы╕ФыЮЩы░ХьКд
UCQZMWPZ9f3u1enXQ4u3zZuQ,ыбд ьЮеьЭ╕ ы░ХьЭ┤ьШИ
UCGaWQfYvJpGBFy5xkRGUpwA,ыбдьЭА ьаХьЛаы│С
UCmexRnuMRnxMSofIbKfxuHg,ЁЯРмыбдъ│аыЮШTVЁЯРм
UC0PLyRSZln2OeaOa3PQ5vYw,ыбдь▓┤эХЩъ░Ьыба
UCJowNGVtiS7DOxCIbfDrADg,ыбдыДдьЮДэФ╜
UCRMWuGI6BkfMYtGGtVQjYxw,ыбдь▓┤эХШыКФ ъ╣Аы╜АьВР
UCHWtKDSEMFncBAkHmaLhnVQ,ыбд ьаХы│┤ъ░дыЯмыжм[ыбд ьаХы│┤ь▒ДыДР]
UCfMbeGAiIWHuIZ9l5HZqfiw,ыбдьЧРьДЬ ьВмыЮМыРШъ╕░
UCTOdDwH6KJMJh7zgeVJJLYA,ьШдыССьЭШ ыбдэФМыаИьЮЙ
UCR5yyf8hHQkRdVmmf8WN3WA,failыбдыжмэФМ
UCcsgkN2CbTOUpvbnqEnUKeQ,ыбд ьЮШэХШъ│а ьЛ╢ьЭА ыВиьЮР
UCWMoECEVerTUNZ0Fp_jKKiw,ьзАэЫИьЭ┤ьЭШ ыбдыВШыЭ╝
UC3e2MpQulZSw3tw0OnSa2cw,эХиъ▓╜ьЭШ ып╕ь╣Ь ыбд эЕРьЕШ
UCC1g6zjiQjLN_T2y00pdigw,ыбд ь╜Фь╣Ш ьЭ╕эК╕
UCF31pkSxaxm6p0SFdTZRv8g,ъ╣АьЪФэХЬьЭШ ып╕ь│Ры▓Дыж░ ыбд ь▒ДыДР
UCV8nqAnA8HevDDLSqXjchNQ,ыЮиьзАыбдэИмы╢А
UCL_T1T6kYOfDU-GF80_Fktw,эЛ░ыЭ╝ыЕ╕ьВмьЭ┤ьЦ╕ьКд [ыбд ь▒ФэФД ы╢ДьДЭэХШыКФ ъ│╝ъ│аьГЭ]
UCNqyWRnzuOU2syRStjq_Y1Q,ыбдэХШыКФ ыЭ╡ъ│б
UCaBJ6gQ--MbfXu1Zp8-jU2g,ы░░ьаХьДЬ [ыбдэКЬы╕М]
UCEZo-HmW8Zj0_4sc2-QvTHg,ьЮмы░МыКФ ыбд эБ┤ыж╜ыкиьЭМ
UCUKASQ6Li4Jh_Go4EB0WEYw,ыбдь▓┤ъ░РьЮР
UCtJRAQ1PS4ITLqHzY_PzLrg,ыбдьаДьаБъ▓АьГЙ ыФеыбд
UCa5_DN1MRoI_K6I-S1xpE7A,ыбдыМАэЪМьЛЬь▓ньЭ╕
UC9wL1aNTLolchbZwjKr9zzA,эКЬы╕МьЭ┤эШД (ыбдь▒ДыДР 
UCi6Xo0AIMTwP1LicYU2XsWw,ыбдэХШыКФьВмыЮМьЭ╕ыН░ьЪй
UCcjF4BsjuX05mKuLnJdnpng,ыбдTV ь┤Иъ░АьКд ьЪ░ыФФые┤
UCPsTyVc501mo4NcBIKII2NQ,ыбЬэЧИьЭШ ьЛ▒ъ╕Аы▓Щъ╕А ыбдь▒ДыДР
UCokOTe7miiQZVPkDxneI8Sw,ыбдэЫДыЛИ_LOLhuni
UCAp5km5YVovT5PULrkAq_pA,ьШдэГЬьШБ ьб┤ьЮШьЭ┤ эХШыКФ ыбд
UCicIlx_CuqvLd6qWHqLDsYA,ыбдьЮШэХШыКФьзС  ыбдъ│ДьаХэМЭыЛИыЛд ыбдъ│ДьаХэМРызд
UCK_BjFI5IjC02MyhCMwA-Sw,ь╣┤эФ╝ыЭ╝ьЭ┤эК╕ : ыбд ы│СызЫ ьШБьГБь▒ДыДР 
UCWQdoBdIQ_6a8BHAdBoP8KA,ыбдъ░ЬьЭ╕ьЪйьаАьЮеъ│╡ъ░Д
UCDHPlkGt1rdmg1GUPaGupvA,ыбдэХШыКФ ызЭынЙьЭ┤
UCkqqzNx1hIAgsz8chBmUN3g,ыбдэХШыКФ ы░▒ызЭ
UCxKXUE_I-pNhilhiyLMC3Jg,ыбды╢ХьЭ┤ ь▓аьЪ░
UC2bMjLE0wMQJVFFpwr9FcNA,ызИэХШ 'ыбд ьГБьЮРъ╣б''
UCau4ldVfbXGJNxyIHh4YAsw,ыбдъ╡мыжм
UCm1yNMFs_O-YtvbmLsPa63Q,ыбд ъ╖╕ъ╣МьЭ┤ъ║╝
UCfee00_Az-HKI6QHB-MaLWw,ASK(ь┤Иы│┤ ьЭСьХаьЭШ ыбд ьД▒ьЮеъ╕░)
UCYmVDrIhRH7KKBrtvcrIHhg,ыбдь▒ДызМэХ┤
UC8wXPWR7cOLl4fxQUpEF8CA,эШ╕ыбдэШ╕ыбЬыбд
UC1QxJXt4nPcQe2zLs7wYhCA,"ьХ╝ыФ░ь╜ФьУ░ (ыбд,ыбдь▓┤)"
UCSk89AjjWSLZv64oXe8s3Eg,ыЗМ ы╣╝ъ│а ыбд эХШыКФыЖИ
UCFT0hhFLDWMac4XKR9Qe_Sw,ыбды░ХьКд New
UCRHf5xo9V439-XOoq63Jh1g,ыбдь╝АьЭ┤эБм LOLCAKE
UC-EUpxIqq-egszdb5UGFNdw,ыбд ьЗ╝ь╕аъ│╡ьЮе
UCHuF37qHbSAZ_y8iGEkknew,ыбдыНХь┐аTV
UCx3ovAoG9hs_Bnb1uSJkTRQ,ыбдьЭ┤ьХ╝ъ╕░
UCgmkZ2p1Fwwe_XaEzCZjFTA,ыбдьКдэД░ыФФ
UCpYSBr4j5J7nwSyI5hfKcAg,ыбдьХМык╗ ьаЬыУЬ
UC6BOp9N8DeqIgn3C090caRw,ыбды░ФыЭ╝ъ╕░
UCIRVwaEE2z-vGYoKOS52E2Q,ыбдыж░ьЭ┤ ьЭ╝ыМАъ╕░
UCOLABoVdlJxaMCVW6eti52Q,ыжмэФМыаИьЭ┤ыбд League of Legends
UCu3gD3NBUG4Ldjf0V2ieWMA,ьШмы╕Мыбд
UCuQuVQ2fP8TRKrJleuHKwug,ыбдэГАьЮД
UCEYOHVAAkEBv-WWV9bltC4A,ьИЬыСРы╢Аыбд
UCkhIT5kmgdXLBfvCWCYbpsg,ыбд
UCYOchxGfkvXlQ-4VXtge_vw,ьХЩыВШыЛИ ыбд
UCi8V0iVo38-j6Mq7cY79t1A,ыбд ьЗ╝ь╕а эФМыаИьЭ┤
UC4TMG42eAGxtdbNZdbGwHHA,ыбдъ▓МьЮДыЮЬыУЬ
UC5V-7dKpV2t_gyz7EDYjRtg,ыбдэХШьЮР!!!
UCCHiq6KB3003i6DCiMvFXIQ,эХШьЭ┤ыЭ╝ьЭ┤эК╕ыбд
UC5iX7bG9LZ8HSV6bSb5-voQ,ъ╣АьЭАьВ░
UCwZaGuN4qTwmcdpRNcSiLBA,ыбдьЗ╝ь╕аы┤З
UCshn5xvafA82TLtxuU_Pvdw,ьЧ░ьК╡ьдСыбд
UCF2VA6GMWzOa1Ap99RkXMZQ,ыбдэМРьаХ ьЧ░ъ╡мьЖМ
UC9yIMSxkDAlzYGXE58tUSww,ыбдьКдэЖаыжм
UC38z8ygaQHlpk2Vl7XZIfaA,ыбдыодьзБ
UCOORuOrr9CLdCKFHt2g6BVg,ыбдыЯмы╕М
UCysKRTnqK56thxYyWPQyLOg,ыбдэХШыКФ ьШИыЛИь╣┤
UCXJv9vWD31rHMxMWT-VylMw,ыбдьКдэГА
UCjq6beRfAzHOHS6Hy7V_--g,ыбдэХШыКФьг╝эШД
UCoPNzMw8QCrnr-M2s74xtUw,ъ╖ЬыЮСьЭ┤ьЭШ ъ╕НьаХыбд
UCEFnzv4V01YpAwQzI1sdOAA,ыбдъ┐АэМБ
UCk1zf4JZYLza8YxT0OLhTWA,ьз╣ыЛШ - ьШИыКе ыбд
UChaCTdPMfM6-6tqA77cyYMg,ыбд ыПЩьШБьГБ
UCFAPBON5r-NNnnHzg5Wl0Qw,ыбдыж░ьЭ┤ lolKid
UCHlpR_lgvPGQ_yIwWKfd7Xw,ыбды▓МыаИ
UCD4GX35lifywicBVUwry4Gw,ьзХэВдьЭШ ыбдь╣ШьЫР ы│СьХДыжмы░Ш
UC8vOhpm_ebvgzAn8jKFYsrQ,ыбдэФМыаИьЭ┤
UC6wnWyS8WbtrD_Jc_VJLJRA,эЩАыбЬыбд
UCYheQS_8uQlaIPz6T2th_Pg,ыбдьЛЬь▓ньЮР
UCbulrgBr2QLFuI2pEAKDsUQ,ыбдьКдэВи
UC5IqbwnehNml-sDhTd06Ktg,ыбдьЗ╝ь╕аьЧ░ьК╡ъ│ДьаХ
UCPXD3bbzWo7p7pjoByih-ZQ,эШ╕эШ╕ыбд
UCmqxECAm4Yp26tkjxWcko2A,ыбдьаХы│┤
UCRy2wksEM3zkGJWb3qUeVCg,ь╣╝ы░ФыЮМ эЦЙы│╡ыбд
UCxPfNXa1Tc42H6NbBttPngw,ыбдызМыСР
UCdD0HScGfKrlvWlyzKpu3VQ,ыбЬыбЬыбд
UCN5GR4E1ufldkRPpEK9ev8Q,эЕМыбЬы╕Мыбд
UCD4DlFzPEteF5iX-7YYWyeA,ыбдъ╖╕ыГе
UC_3fEpz53vT40-YoPHvcgXA,ьВмьЭ┤ьЦ╕ьКд ыбд
UCDd6hPvVpU7bUlfXwt89Ymw,ыЯмы╕Мыбд
UCj7WpXgsweM0hF-iYFQBKUg,ыВ┤ ыбд ьЛдыаеы│┤ъ╕░
UCZ4ZmeWFwnb3SqY8JgSyvrA,ыбдьЧ░ъ╡мьЖМ
UCan7fW2IQbh35TcTsxsfytg,ыбдьжРъ▓Ь
UCy-gfoFkiPGHEekZdF4XSig,ыбдыйФыВи
UCTdwaZn9pyWksRjuZ0yIyVQ,эХ┤эФ╝ыбд
UCPXHYBwslI2122N6cFbWtmg,ыбдьЗ╝ь╕аъ│ДьаХ MIBIN
UCNENxoo1dIop8jR7W5Z-QBQ,ыбд1
UCofJkEpwLjBgu5lL2JlhB6A,ыбдэХШьЮР
UCPm0U1I_pSqdVbUar1yyLrA,ьЮеьЭ╕эГРьГЙыбдыж░ьЭ┤
UCEoe3VfYlV4KG-_XyQfaZPg,эЩАыбЬыбЬыбЬыбЬыбЬыбЬыбд
UCBfs4KJUw63HZj_3MARwNqQ,ыбдь▒ФьКдыжмы╖░
UC_Kx98C3J9XVc9Zn_AdQF0A,ьЭ┤ы╕Мыбд
UCyikmwQoQwBTPcmBfKHUb8w,ыбдьЛдьЛЬъ░Д
UCAy5K-zPeBJY9lOtJHoL4jw,ьЭ╕ьГЭыбд
UCliQJoOY5V-KKJrGgJfC2ew,ыбдьЯБьЭ┤ (ы╕МьЛдыбдьЯБьЭ┤)
UCPNNO-IHjfN0u4SRchbfEtA,ьзДы│┤ьаБьЭ╕ ыВиьЮР
UCupZ_Jch_ZbygSyxFHZ0tXw,ыбдьЮмы░МыЛд
UC60BL_sLM7fm08xkkxaPv0w,ыбдэЛ░ьЦ┤
UCvFBgshgsacpC21E6TlBrmA,ыбд ыН░ьЭ┤ьзА
UCojfjwJBXyECINystscWlXA,ыбдып╕ыЛИ
UCSBEB2uL24fLAIbX8YgNwsQ,ыбдэПмыбЬ
UC_APcxrlgvI9O2r_lOmJkuQ,ыбдьЛдэВдыбд
UCMu7Jws5ILLPkRi2jgSYGkg,ы░Хыкиыбд
UCqFoGGm8usGZGEwyY2JxFbA,эЖаыжм-ыбд ьЗ╝ь╕а ызЫьзС
UCXDsEiZjJGmkhD6j_40KZyg,jieunx
UCITDsEXAKyT7iYE47AFyahg,ыбдьЭ┤
UCUtjYYsWMIE5XiINght78Vg,ыбдъ░ЩьЭ┤эХ┤ьЪФ
UChVxf00VwruEKsMLs_X-mgw,ыбдь▒Фь╜Ф
UCCowHtjTAS8CJeqDalxnfcA,ыбдьЭ┤ьХ╝ъ╕░
UCggxcj4e7DnS_GUE198bpWw,LoL Cloudыбд эБ┤ыЭ╝ьЪ░ыУЬ
UCCCUeWC7b3N5GSheJycdORg,jjjjj333
UC7guhVwNxGKwIcSas3A0Fug,ыбдь┤Иы│┤
UCuB8ZEGvOqnVVfzPyoW7g4w,ыбдьдСыПЕ
UC0vLUUInMmhZnrLzbxmXEZA,ьЛмэХ┤ыбд
UCpOdE_HnrTVEtqufgYjWIeA,ыбдъ╕░ь┤Иъ░ХьЭШ
UCt_Q_p4UKso4Ymz3v1TDDNw,ЁЯТУыбдьзДыЕАЁЯТУ
UCvFnhVLiuNhwF9pz2KROzeg,ыбдьаАьЮе
UC5vXN4zyLyDzeWKjtV9crDA,ыбдызИэБмьВмыЮС
UCL6Yw5dkhOPBU6HnIRQ8TIw,ыбдь╣ЬыЖИ
UCcz9C_PVstBAomVWmT5ZOOA,ыбдьКдэГп LoLSTAT
UCGXHZ4bDb9MEbgtoBbsN2Ig,ыбдьХИыЕХ
UCR6r8DZb0RpQ-ugEs-ldQyA,эЩАыбЬыбЬыбЬыбд
UC4eV0IvIQIhxZ5DvP4rO1-g,ыбдьВмьЭ┤ыУЬ ьХДьЫГ
UCY4-ynbLl4pERQ4UaxsCGxg,ьЖМьДЬыбд
UCPUcr7asnzzdCFbYQ4p0vGw,ыбдьаХь╣ШьЩХ
UC7kxme1mWyldm4gFxKQUXMg,эБмыбЬьКдыбд
UC-2uOqWDk5j7qROLtT_WepA,ыбд ьШБьГБ ьШмыжмыКФ ьВмыЮМ
UC-ZN7iKA_zmVGwV5BKqVgmA,"тАвыбд,ы░ЬыбЬыЮАэК╕"
UCvlobtcLXzeK7y8r8g_56hA,ьЖМьЖМэХЬыбд
UCLoql3YgJ9hZ-Kst3a5Talw,ъ▓бъ▓бьЭ┤ыбд
UC7FFI7d1yxGnEYUrd4_Kcog,ыбды▓Ды╕Ф
UCiSyzLq7Bi0PMUr4poh3h1Q,BEST ыбд ыздыУЬым┤ы╣Д
UCUfq6wq9t3bS7R7GzzfS8nw,ыбдэММэММ
UC7LWwBNzO-biJwcT81et0dw,ь╣аъ│быбдыПДьВм
UCaeRS3JL24Uv5iDSfUKHjrA,ыбд ыкиьЭМьзС
UCDcUJaIDPloUjH3mbTLqj-w,эХШьКдыбд
UCmXSt3fh9TxYbCEp5U96Jrg,ыбдьзАь╗м
UCbt8Wtipo8BDwYi9G9tViQg,ъ╣Аъ╣бьИЬ
UC5SUMMUdR9ZJHxSlX_fo34Q,ыбдэХШъ│аьЛ╢ыЛд
UCWC1Tb0ItuQrmz1X8ZBNQdQ,ыбдь▓┤эХШыКФ ызИэРБьЭ┤
UCKWZbUDUBBlaHh2-du2braA,ыбдэБ┤ыж╜
UC8mf_WFbaRmvamXY743Ljcw,ыЭ╝ьЭ┤ы╕Мыбд
UC4YwIboJXuMF-6ISAd7gqag,ыбд ьаХы│┤ ьЖМыЕА
UC2li2lY81H4CXzBti3BqOQQ,ыЙ┤ы╣ДьЭШ ыбдьЭ╝ьГБ
UCi6Qg_nH9SzbxqTRT9ZSXbw,ыбдэЖаьЪФьЭ╝
UCOUuxTJCZYd2Llb92JH07dA,ыбдьЧР ып╕ь╣Ь ыВиьЮР
UCoFj8OfOeZLuxDKLrC4jX-g,ыбдэЛ░ьЦ┤ызЮь╢Фъ╕░
UCwIGs1IoRi84mhmb-N016hg,ыбдьЭШ ьД╕ьГБ
UCR-6S0Md8ZNR_pcErBv-jTQ,ь║ФыФФыбдYOUTUBE
UCFVosjWxmA-pY8px4wVozrg,ыбд эХЬэМР
UCxbuPmDvJfBNs_cUf_Ph50w,ыбдь░╜ьЛЭьЭ┤
UC_V-JRjxQ421aEwiETtpFjw,ыбд эХШыКФ ыЙ┤ы╣Д
UCXIWKpW8PfU2TSjvwpvx-_A,ыбдэИмыН░ьЭ┤
UCLMu2UaHDkG6p0BQzTzA_mA,ыбдыН░ыУЬым┤ы╣Д
UCvPfGPobv1O7dbuAqoau8QA,ь░╕ьЭДьИШьЧЖыКФ ыбдьГЭэЩЬ
UCWiG6LRetTO7aL_GkHboAhg,ыН┤эС╕ьЛЬыбд
UCvFsWAZq2ZtNNIBUiRZndOw,[LOLBACK]ыМАъ╡мыбдыкиьЮД
UCAlPIROfefyUuzAst5hR0lw,ьЭ┤ыЛИьЛЬыбд
UCAGiw4lTHvA_NajNwE9Ss-A,ыбд1ыПДыкиые┤ъ░АыВШ
UC6P2bnpa35vaH9-hy7628ag,alpaca
UC7qbdMDg_RO6tiPju4fnTnQ,ыбдьЭАык╗эХШьзАызМьЩАьЭ╝ыУЬыжмэФДэК╕ыКФ ьЮШэХаыЮШ
UCwmychfJMdkoCgEFaXLpyYw,ъ▒░ъ╕░ызРъ│аьвАыНФьХДыЮШьЭШ ыбд
UCrHCW0xXxVK_vWnEbMBqOVQ,ьЮмъ╖ЬьЦ┤ ъ▓МьЮДьжИ - ыбд ьЗ╝ь╕а
UCojzZgH3N40s-pSBHSBKFYg,ыбдэХШыКФыФ░ы┤ЙьЭ┤
UCDEKgWbj_ic--6TjiugXcBg,ьЭ╝ьЛЬьаХьзА) эС╕ъ│аып╕ыКФ ыбд ь╣╝ы░ФыЮМыВШыЭ╜ ьЛЬь░╕ ьдС
UCpTgvokDUKofOCj2hcnTkQw,ыбдьЭАыПЕэХЩ
UC2XruudGPeljMs9iM-G4MaQ,SAPA
UCdOWyp25T0HDtjpnV2LpIyw,EpicSkillshot - LoL VOD Library
UCduMnQx6U9Ph6YIFlaqV_rA,эЩАыбдыбЬыбЬыбЬыбЬуЕЧыбЬуЕЧыбЬыбЬыбд
UCkLjqLhbdDktAiD-5YvioBA,ьдАъ╡┤TV - ъ│и ыХМыжмыКФ ыбд
UCXGICExxjpRLO54ZDsxS_vQ,ьВмыЮСьЪ░ьаХыВнызМ
UCv_BptPPw1RPQvFI5IVOQjQ,ыбдьЗ╝ь╕а
UCYT56oKl_XkSdUiSo-4KFvA,Bankroll Murda ы▒ЕэБмыбдыйАыЛд
UCmNJUd285lzmk3mTvXOlGEA,ыбдыж░ьЭ┤H
UC_LOYRxZBmIW4-n9sLcjUvw,LOLшЛ▒щЫДшБФчЫЯш╡Ыф║ЛхРЫ
UC3EudG_acwkneC0_xg4l57g,ыбд ьЗ╝ь╕аыкиьХД
UCQhvjgAVwNOvBw6WG3u6XEw,ьЧе
UC7_WuXXpd2W6UShbwJbaJ2g,ыжмьЪ░ьКдыбд
UCCoAP8lAeOXiJwsVIYEGNmg,iDhn
UC5m4g_giAEBgT7ZxAk6bXKw,ьЭ┤ ь▒ДыДРьЭА ь░вьзА ызРьХД ьг╝ьД╕ьЪФ
UCY8a590WKbzxCvH_1Q5O8gA,эПЙыбдьВм_эПЙъ╖а ьЛдыае ыбдэХШыКФ ьВмыЮМ
UCpgx2_C4kqp8WaO9LqRofuQ,ыбдыж░ьЭ┤ ыбдыЯмьКдь╝АьЭ┤эК╕ 
UC7guCxmFvgDQ4FvdZJguuhA,ыЭ╝ы░Ьыбд
UCjUpJnEiBh7HzeDLsBPOkiw,эФ╝эБ┤98ъ░Ь
UC0fm6zHtA3J1YWcCFSmpI9w,ьЧФьб░ьЭ┤ыбд | Enjoy LOL
UCfdzOqKHp_buMfLUGLwWGZw,ъ╖╕ыБДэБмьЭС
UCdYKsZM3yhAMngNQ7OT5How,ъ╡нъ░Аы│Д ыбд ь▒ФэФ╝ьЦ╕ ьЛдьВмэЩФ (LOL silsahwa)
UCcZrqwe0Mzqg83adeuu_gBQ,ьИШыж░ьХДыбдэХШьЮР
UCMEMMaL6Xpvoqvw3TxI5jmg,Team Liquid League of Legends
